"Шрифт";"Издательство";"Цена (RUB)";"Бесплатный";"Начертаний";"Поддержка абхазского";"Недостающие символы";"Кол-во недостающих";"Ссылка"
"Bubble Sans";"Abay Emes";"0";"Да";"1";"Полная";"";"0";"https://www.paratype.ru/catalog/font/ae/bubble-sans"
"Courier PT";"ParaType";"5250";"Нет";"1";"Полная";"";"0";"https://www.paratype.ru/catalog/font/pt/courier-pt"
"DeepFont";"Double Alex";"3950";"Нет";"13";"Нет только Ԥ";"Ԥԥ";"2";"https://www.paratype.ru/catalog/font/da/deepfont"
"Dozor";"Namik Mardakhaev";"0";"Да";"4";"Полная";"";"0";"https://www.paratype.ru/catalog/font/nm/dozor"
"Italiansky";"Double Alex";"3950";"Нет";"5";"Полная";"";"0";"https://www.paratype.ru/catalog/font/da/italiansky"
"Journal Sans New";"ParaType";"5250";"Нет";"6";"Полная";"";"0";"https://www.paratype.ru/catalog/font/pt/journal-sans-new"
"Joystix";"Typodermic";"6850";"Нет";"2";"Полная";"";"0";"https://www.paratype.ru/catalog/font/tpd/joystix"
"PT Astra Sans";"ParaType";"0";"Да";"4";"Полная";"";"0";"https://www.paratype.ru/catalog/font/pt/pt-astra-sans"
"PT Astra Serif";"ParaType";"0";"Да";"4";"Полная";"";"0";"https://www.paratype.ru/catalog/font/pt/pt-astra-serif"
"Scandal";"Namik Mardakhaev";"0";"Да";"4";"Полная";"";"0";"https://www.paratype.ru/catalog/font/nm/scandal"
"Shobhika";"IIT Bombay";"0";"Да";"2";"Полная";"";"0";"https://www.paratype.ru/catalog/font/bmb/shobhika"
"Vacansia";"Double Alex";"3950";"Нет";"5";"Полная";"";"0";"https://www.paratype.ru/catalog/font/da/vacansia"
"YFF Zusker";"Your Font Fetish";"5250";"Нет";"50";"Полная";"";"0";"https://www.paratype.ru/catalog/font/yff/yff-zusker"
