"Шрифт";"Издательство";"Цена (USD)";"Бесплатный";"Начертаний";"Поддержка абхазского";"Недостающие символы";"Кол-во недостающих";"Ссылка"
"Aesthet Nova";"Inhouse Type";"33.78";"Нет";"5";"Полная";"";"0";"https://www.myfonts.com/collections/aesthet-nova-font-inhouse-type"
"Afeelnooztii";"Pootis Type Corp.";"25";"Нет";"4";"Полная";"";"0";"https://www.myfonts.com/collections/afeelnooztii-font-pootis-type-corp"
"Aktifo";"Degarism Studio";"45";"Нет";"28";"Полная";"";"0";"https://www.myfonts.com/collections/aktifo-font-degarism-studio"
"Akzentica 4F";"4th february";"24";"Нет";"0";"Частичная (−4)";"ԤӶӷԥ";"4";"https://www.myfonts.com/collections/akzentica-4f-font-4th-february"
"Alergia Grotesk";"Machalski";"39";"Нет";"60";"Полная";"";"0";"https://www.myfonts.com/collections/alergia-grotesk-font-borutta"
"Alergia Remix";"Machalski";"19";"Нет";"10";"Полная";"";"0";"https://www.myfonts.com/collections/alergia-remix-font-borutta"
"Alleyn Pro";"AVP";"25";"Нет";"12";"Полная";"";"0";"https://www.myfonts.com/collections/alleyn-pro-font-avp"
"ALS Scripticus";"Art. Lebedev Studio";"63";"Нет";"2";"Полная";"";"0";"https://www.myfonts.com/collections/als-scripticus-font-art-lebedev-studio"
"Amato Font";"Amato";"29";"Нет";"1";"Частичная (−4)";"ӷӶԥԤ";"4";"https://www.myfonts.com/collections/font-font-amato"
"Amatohoso Font";"Amato";"29";"Нет";"1";"Частичная (−4)";"ԥԤӶӷ";"4";"https://www.myfonts.com/collections/amatohoso-font-font-amato"
"Amigora";"Zane Studio";"17";"Нет";"91";"Полная";"";"0";"https://www.myfonts.com/collections/amigora-font-zane-studio"
"Amrys";"Monotype";"65";"Нет";"16";"Полная";"";"0";"https://www.myfonts.com/collections/amrys-font-monotype-imaging"
"Angmar";"AlperCakici";"29";"Нет";"20";"Частичная (−2)";"Ҩҩ";"2";"https://www.myfonts.com/collections/angmar-font-alpercakici"
"Appalachia";"Sehr Type";"19";"Нет";"55";"Полная";"";"0";"https://www.myfonts.com/collections/appalachia-font-sehr-type"
"Aptos";"Microsoft Corporation";"49";"Нет";"28";"Полная";"";"0";"https://www.myfonts.com/collections/aptos-font-microsoft-corporation"
"Araboto";"Waw Type";"30";"Нет";"6";"Полная";"";"0";"https://www.myfonts.com/collections/araboto-font-waw-type"
"Arcadium Mono";"Jehoo Creative";"19";"Нет";"14";"Частичная (−2)";"ԥԤ";"2";"https://www.myfonts.com/collections/arcadium-mono-font-jehoo-creative"
"Archetica";"Almarkha Type";"6.99";"Нет";"22";"Частичная (−2)";"ԥԤ";"2";"https://www.myfonts.com/collections/archetica-font-almarkha-type"
"Arial Unicode";"Monotype";"208.99";"Нет";"2";"Частичная (−4)";"ӷӶԤԥ";"4";"https://www.myfonts.com/collections/arial-unicode-font-monotype-imaging"
"Arial Windows compatible";"Monotype";"54.99";"Нет";"4";"Полная";"";"0";"https://www.myfonts.com/collections/arial-windows-compatible-font-monotype-imaging"
"Arlonne Sans Pro";"Sacha Rein";"20";"Нет";"8";"Полная";"";"0";"https://www.myfonts.com/collections/arlonne-sans-pro-font-sacha-rein"
"Aronsiki";"Authentype";"14";"Нет";"9";"Полная";"";"0";"https://www.myfonts.com/collections/aronsiki-font-authentype"
"Artegra Sans";"Artegra";"29";"Нет";"160";"Частичная (−2)";"Ԥԥ";"2";"https://www.myfonts.com/collections/artegra-sans-font-artegra"
"Ascender Uni";"Ascender";"197.99";"Нет";"2";"Частичная (−4)";"ԥӷԤӶ";"4";"https://www.myfonts.com/collections/ascender-uni-font-ascender-corp"
"Atophuzomekosou";"Meyerfonts";"15";"Нет";"10";"Полная";"";"0";"https://www.myfonts.com/collections/atophuzomekosou-font-meyerfonts"
"Atwic Cyrillic";"Caron twice";"150";"Нет";"19";"Полная";"";"0";"https://www.myfonts.com/collections/atwic-cyrillic-font-caron-twice"
"Atwic Pro";"Caron twice";"250";"Нет";"19";"Полная";"";"0";"https://www.myfonts.com/collections/atwic-pro-font-caron-twice"
"Atyp";"Suitcase Type Foundry";"80.99";"Нет";"25";"Полная";"";"0";"https://www.myfonts.com/collections/atyp-font-suitcase-type-foundry"
"Atyp Kido";"Suitcase Type Foundry";"80.99";"Нет";"7";"Полная";"";"0";"https://www.myfonts.com/collections/atyp-kido-font-suitcase-type-foundry"
"Auge Unicase";"Eliezer Grawe";"5";"Нет";"2";"Частичная (−1)";"Ԥ";"1";"https://www.myfonts.com/collections/auge-unicase-font-eliezer-grawe"
"Aukim II";"AukimVisuel";"29";"Нет";"234";"Частичная (−2)";"ԥԤ";"2";"https://www.myfonts.com/collections/aukim-ii-font-aukimvisuel"
"Aukim II Child";"AukimVisuel";"29";"Нет";"234";"Частичная (−2)";"ԥԤ";"2";"https://www.myfonts.com/collections/aukim-ii-child-font-aukimvisuel"
"Aukim II Circled";"AukimVisuel";"29";"Нет";"234";"Частичная (−2)";"Ԥԥ";"2";"https://www.myfonts.com/collections/aukim-ii-circled-font-aukimvisuel"
"Aukim II Distort";"AukimVisuel";"39";"Нет";"234";"Частичная (−2)";"ԥԤ";"2";"https://www.myfonts.com/collections/aukim-ii-distort-font-aukimvisuel"
"Aukim II Outline";"AukimVisuel";"29";"Нет";"234";"Частичная (−2)";"Ԥԥ";"2";"https://www.myfonts.com/collections/aukim-ii-outline-font-aukimvisuel"
"Aukim II Rounded";"AukimVisuel";"29";"Нет";"234";"Частичная (−2)";"Ԥԥ";"2";"https://www.myfonts.com/collections/aukim-ii-rounded-font-aukimvisuel"
"Aukim II Scribble";"AukimVisuel";"39";"Нет";"39";"Частичная (−2)";"Ԥԥ";"2";"https://www.myfonts.com/collections/aukim-ii-scribble-font-aukimvisuel"
"Aukim II Shadow";"AukimVisuel";"29";"Нет";"234";"Частичная (−2)";"Ԥԥ";"2";"https://www.myfonts.com/collections/aukim-ii-shadow-font-aukimvisuel"
"Aukim II Shape";"AukimVisuel";"29";"Нет";"234";"Частичная (−2)";"ԥԤ";"2";"https://www.myfonts.com/collections/aukim-ii-shape-font-aukimvisuel"
"Aukim II Sharp";"AukimVisuel";"29";"Нет";"234";"Частичная (−2)";"Ԥԥ";"2";"https://www.myfonts.com/collections/aukim-ii-sharp-font-aukimvisuel"
"Aukim II Strokes";"AukimVisuel";"29";"Нет";"234";"Частичная (−2)";"ԥԤ";"2";"https://www.myfonts.com/collections/aukim-ii-strokes-font-aukimvisuel"
"Aukim II Variable";"AukimVisuel";"220";"Нет";"3";"Частичная (−2)";"ԥԤ";"2";"https://www.myfonts.com/collections/aukim-ii-variable-font-aukimvisuel"
"Autoprom Pro";"SSFD Studio";"0";"Да";"48";"Полная";"";"0";"https://www.myfonts.com/collections/autoprom-pro-font-stefan-stoychev"
"Avenir Next Cyrillic";"Linotype";"49";"Нет";"20";"Частичная (−2)";"Ԥԥ";"2";"https://www.myfonts.com/collections/avenir-next-cyrillic-font-linotype"
"Avenir Next World";"Linotype";"524.99";"Нет";"0";"Частичная (−2)";"Ԥԥ";"2";"https://www.myfonts.com/collections/avenir-next-world-font-linotype"
"Averta PE";"Foundry5";"29";"Нет";"73";"Полная";"";"0";"https://www.myfonts.com/collections/averta-font-foundry-5-limited"
"Averta Standard PE";"Foundry5";"24";"Нет";"56";"Полная";"";"0";"https://www.myfonts.com/collections/averta-standard-font-foundry-5-limited"
"Aximo";"Zane Studio";"20";"Нет";"18";"Полная";"";"0";"https://www.myfonts.com/collections/aximo-font-zane-studio"
"Baldufa Cyrillic";"Letterjuice";"72";"Нет";"3";"Частичная (−2)";"Ԥԥ";"2";"https://www.myfonts.com/collections/baldufa-cyrillic-font-letterjuice"
"Baldufa Cyrillic Ltn";"Letterjuice";"93";"Нет";"3";"Частичная (−2)";"Ԥԥ";"2";"https://www.myfonts.com/collections/baldufa-cyrillic-ltn-font-letterjuice"
"Baldufa Paneuropean";"Letterjuice";"139";"Нет";"3";"Частичная (−2)";"ԥԤ";"2";"https://www.myfonts.com/collections/baldufa-paneuropean-font-letterjuice"
"Ballasticus";"Shapovalov Fonts";"15";"Нет";"1";"Полная";"";"0";"https://www.myfonts.com/collections/ballasticus-font-shapovalov-fonts"
"Basely Bagel";"RA Studio";"12";"Нет";"1";"Частичная (−2)";"Ԥԥ";"2";"https://www.myfonts.com/collections/basely-bagel-font-ra"
"Baskerville Sans";"Monotype";"59";"Нет";"14";"Полная";"";"0";"https://www.myfonts.com/collections/baskerville-sans-font-monotype-imaging"
"Baskerville Sans Variable";"Monotype";"295";"Нет";"2";"Полная";"";"0";"https://www.myfonts.com/collections/baskerville-sans-variable-font-monotype-imaging"
"Bayadera 4F";"4th february";"30";"Нет";"2";"Частичная (−4)";"ӶӷԥԤ";"4";"https://www.myfonts.com/collections/bayadera-4f-font-4th-february"
"BD Megalona";"Balibilly Design";"25";"Нет";"28";"Полная";"";"0";"https://www.myfonts.com/collections/bd-megalona-font-balibilly-design"
"Beguile Time";"ZorkSlide";"10";"Нет";"6";"Полная";"";"0";"https://www.myfonts.com/collections/beguile-time-font-zorkslide"
"Benzin";"Supremat";"13.99";"Нет";"5";"Полная";"";"0";"https://www.myfonts.com/collections/benzin-font-supremat"
"Berier";"Almarkha Type";"45";"Нет";"22";"Частичная (−2)";"Ԥԥ";"2";"https://www.myfonts.com/collections/berier-font-almarkha-type"
"Binetra";"Ridtype";"45";"Нет";"18";"Частичная (−2)";"Ԥԥ";"2";"https://www.myfonts.com/collections/binetra-font-ridtype"
"Biotif Pro";"Degarism Studio";"40";"Нет";"17";"Частичная (−3)";"ԤԥҬ";"3";"https://www.myfonts.com/collections/biotif-font-degarism-studio"
"Bodeg";"Nermin K";"6";"Нет";"2";"Частичная (−2)";"Ԥԥ";"2";"https://www.myfonts.com/collections/bodeg-font-nermin-k"
"Boldesqo Serif 4F";"4th february";"25";"Нет";"0";"Частичная (−4)";"ԤӷԥӶ";"4";"https://www.myfonts.com/collections/boldesqo-serif-4f-font-4th-february"
"Borga";"AlperCakici";"22";"Нет";"16";"Полная";"";"0";"https://www.myfonts.com/collections/borga-font-alpercakici"
"Boxtoon";"Mofr24";"15";"Нет";"16";"Частичная (−2)";"ԥԤ";"2";"https://www.myfonts.com/collections/boxtoon-font-mofr24"
"Bradley";"Oddsorts";"29";"Нет";"6";"Полная";"";"0";"https://www.myfonts.com/collections/bradley-font-oddsorts"
"Branco";"AlperCakici";"29";"Нет";"22";"Полная";"";"0";"https://www.myfonts.com/collections/branco-font-alpercakici"
"Brations Signature";"Din Studio";"34";"Нет";"1";"Полная";"";"0";"https://www.myfonts.com/collections/brations-signature-font-din-studio"
"Brexit";"Cafe.no";"48";"Нет";"3";"Полная";"";"0";"https://www.myfonts.com/collections/brexit-font-cafeno"
"Brightwall";"Din Studio";"34";"Нет";"6";"Частичная (−2)";"ԥԤ";"2";"https://www.myfonts.com/collections/brightwall-font-din-studio"
"Brillian";"Fontex";"29";"Нет";"12";"Частичная (−2)";"Ԥԥ";"2";"https://www.myfonts.com/collections/brillian-font-fontex"
"Byte Sans";"AlperCakici";"29";"Нет";"8";"Полная";"";"0";"https://www.myfonts.com/collections/byte-sans-font-alpercakici"
"Calibri (MS)";"Microsoft Corporation";"49";"Нет";"6";"Полная";"";"0";"https://www.myfonts.com/collections/calibri-ms-font-microsoft-corporation"
"Cambria";"Microsoft Corporation";"49";"Нет";"4";"Полная";"";"0";"https://www.myfonts.com/collections/cambria-font-microsoft-corporation"
"Cambria Math";"Microsoft Corporation";"49";"Нет";"1";"Полная";"";"0";"https://www.myfonts.com/collections/cambria-math-font-microsoft-corporation"
"CampusRoman Pro";"MacCampus";"25";"Нет";"1";"Полная";"";"0";"https://www.myfonts.com/collections/campusroman-pro-font-maccampus"
"Candid";"Lucas Tillian";"0";"Да";"22";"Полная";"";"0";"https://www.myfonts.com/collections/candid-font-lucas-tillian"
"Change Serif";"Machalski";"39";"Нет";"11";"Полная";"";"0";"https://www.myfonts.com/collections/change-serif-font-borutta"
"Chutz";"Michael Rafailyk";"9";"Нет";"5";"Полная";"";"0";"https://www.myfonts.com/collections/chutz-font-michael-rafailyk"
"Coco Gothic Pro";"Zetafonts";"45";"Нет";"48";"Частичная (−2)";"ԥԤ";"2";"https://www.myfonts.com/collections/coco-gothic-pro-font-zetafonts"
"Coco Sharp";"Zetafonts";"45";"Нет";"62";"Частичная (−2)";"ԥԤ";"2";"https://www.myfonts.com/collections/coco-sharp-font-zetafonts"
"Consolas";"Microsoft Corporation";"49";"Нет";"4";"Полная";"";"0";"https://www.myfonts.com/collections/consolas-font-microsoft-corporation"
"Courier New OS";"Monotype";"50.99";"Нет";"4";"Полная";"";"0";"https://www.myfonts.com/collections/courier-new-font-monotype-imaging"
"Cyberon";"Essqué Productions";"35";"Нет";"1";"Полная";"";"0";"https://www.myfonts.com/collections/cyberon-font-essque-productions"
"Danger Neue";"Green Type";"0";"Да";"6";"Полная";"";"0";"https://www.myfonts.com/collections/danger-neue-font-green-type"
"Decutto";"Michael Rafailyk";"15";"Нет";"4";"Полная";"";"0";"https://www.myfonts.com/collections/decutto-font-michael-rafailyk"
"Delonie";"AlperCakici";"29";"Нет";"12";"Полная";"";"0";"https://www.myfonts.com/collections/delonie-font-alpercakici"
"Depicto";"Michael Rafailyk";"12";"Нет";"3";"Полная";"";"0";"https://www.myfonts.com/collections/depicto-font-michael-rafailyk"
"Destrod";"Tanya Savchenko";"11";"Нет";"1";"Частичная (−4)";"ӶӷԤԥ";"4";"https://www.myfonts.com/collections/destrod-font-tanya-savchenko"
"Diode Circuit";"Essqué Productions";"35";"Нет";"1";"Полная";"";"0";"https://www.myfonts.com/collections/diode-circuit-font-essqu-productions"
"Diodrum Cyrillic";"Indian Type Foundry";"39";"Нет";"6";"Частичная (−2)";"Ԥԥ";"2";"https://www.myfonts.com/collections/diodrum-cyrillic-font-indian-type-foundry"
"Diodrum Cyrillic Variable";"Indian Type Foundry";"80";"Нет";"1";"Частичная (−2)";"Ԥԥ";"2";"https://www.myfonts.com/collections/diodrum-cyrillic-variable-font-indian-type-foundry"
"Dot Grid";"Essqué Productions";"35";"Нет";"1";"Полная";"";"0";"https://www.myfonts.com/collections/dot-grid-font-essque-productions"
"Dottles";"AlperCakici";"29";"Нет";"20";"Полная";"";"0";"https://www.myfonts.com/collections/dottles-font-alpercakici"
"DR Krapka Rhombus";"Dmitry Rastvortsev";"29.99";"Нет";"19";"Полная";"";"0";"https://www.myfonts.com/collections/dr-krapka-rhombus-font-dmitry-rastvortsev"
"DR Krapka Round";"Dmitry Rastvortsev";"29.99";"Нет";"22";"Полная";"";"0";"https://www.myfonts.com/collections/dr-krapka-round-font-dmitry-rastvortsev"
"DR Krapka Square";"Dmitry Rastvortsev";"0";"Да";"36";"Полная";"";"0";"https://www.myfonts.com/collections/dr-krapka-square-font-dmitry-rastvortsev"
"DR Kruk Single";"Dmitry Rastvortsev";"49.99";"Нет";"1";"Частичная (−2)";"ӡӠ";"2";"https://www.myfonts.com/collections/dr-kruk-single-font-dmitry-rastvortsev"
"Drafted";"Essqué Productions";"35";"Нет";"1";"Полная";"";"0";"https://www.myfonts.com/collections/drafted-font-essque-productions"
"Draina";"AlperCakici";"29";"Нет";"1";"Полная";"";"0";"https://www.myfonts.com/collections/draina-font-alpercakici"
"Droid Sans";"Ascender";"92.99";"Нет";"2";"Частичная (−2)";"Ԥԥ";"2";"https://www.myfonts.com/collections/droid-sans-pro-font-ascender-corp"
"Droid Sans Mono";"Ascender";"92.99";"Нет";"2";"Частичная (−2)";"Ԥԥ";"2";"https://www.myfonts.com/collections/droid-sans-mono-pro-font-ascender-corp"
"Droid Serif";"Ascender";"92.99";"Нет";"4";"Частичная (−2)";"Ԥԥ";"2";"https://www.myfonts.com/collections/droid-serif-pro-font-ascender-corp"
"Easytype";"Vitalik B. Old";"5";"Нет";"2";"Полная";"";"0";"https://www.myfonts.com/collections/easytype-font-vitalik-b-old"
"Economica Cyrillic PRO";"Underground";"29.9";"Нет";"4";"Частичная (−4)";"ӶԤӷԥ";"4";"https://www.myfonts.com/collections/economica-cyrillic-pro-font-underground"
"Edensor";"Factory738";"15";"Нет";"20";"Полная";"";"0";"https://www.myfonts.com/collections/edensor-font-factory738"
"Edit Serif Cyrillic";"Atlas Fonts";"89";"Нет";"12";"Полная";"";"0";"https://www.myfonts.com/collections/edit-serif-cyrillic-font-atlasfontfoundry"
"Entrofly";"Slava Antipov";"39";"Нет";"11";"Полная";"";"0";"https://www.myfonts.com/collections/entrofly-font-slava-antipov"
"Ertinas";"Din Studio";"39";"Нет";"9";"Полная";"";"0";"https://www.myfonts.com/collections/ertinas-font-din-studio"
"Everflow";"Andrejs Kirma";"28.99";"Нет";"14";"Полная";"";"0";"https://www.myfonts.com/collections/everflow-font-andrejs-kirma"
"Faktor";"MacCampus";"20";"Нет";"2";"Частичная (−2)";"ԥԤ";"2";"https://www.myfonts.com/collections/faktor-font-maccampus"
"FE 5 Cent";"Egor Stremousov";"50";"Нет";"1";"Частичная (−4)";"ԤӶӷԥ";"4";"https://www.myfonts.com/collections/fe-5-cent-font-egor-stremousov"
"Febrotesk 4F";"4th february";"25";"Нет";"0";"Частичная (−4)";"ӶӷԤԥ";"4";"https://www.myfonts.com/collections/febrotesk-4f-font-4th-february"
"Fello";"Australian Type Foundry";"23.99";"Нет";"3";"Полная";"";"0";"https://www.myfonts.com/collections/fello-font-australian-type-foundry"
"Fer";"ParaType";"36";"Нет";"19";"Полная";"";"0";"https://www.myfonts.com/collections/fer-font-paratype"
"Finico";"Factory738";"24";"Нет";"18";"Полная";"";"0";"https://www.myfonts.com/collections/finico-font-factory738"
"Finico Sans";"Factory738";"24";"Нет";"18";"Полная";"";"0";"https://www.myfonts.com/collections/finico-sans-font-factory738"
"Fonteys Pro";"Fando Fonts";"5";"Нет";"10";"Полная";"";"0";"https://www.myfonts.com/collections/fonteys-pro-font-fando-fonts"
"Forme Grotesque Arabic";"Forme Type";"48";"Нет";"7";"Полная";"";"0";"https://www.myfonts.com/collections/forme-grotesque-arabic-font-forme-type"
"Forme Grotesque Arabic Variable";"Forme Type";"350";"Нет";"1";"Полная";"";"0";"https://www.myfonts.com/collections/forme-grotesque-arabic-variable-font-forme-type"
"Forme Grotesque Variable";"Forme Type";"350";"Нет";"2";"Полная";"";"0";"https://www.myfonts.com/collections/forme-grotesque-variable-font-forme-type"
"Framer Sans";"June 23";"35";"Нет";"7";"Полная";"";"0";"https://www.myfonts.com/collections/framer-sans-font-23-jun"
"Frink Rio";"Brenners Template";"19";"Нет";"19";"Полная";"";"0";"https://www.myfonts.com/collections/frink-rio-font-brenners-template"
"FTY Varoge Saro Noest";"The Fontry";"25";"Нет";"1";"Частичная (−2)";"ԥԤ";"2";"https://www.myfonts.com/collections/fty-varoge-saro-noest-font-the-fontry"
"Gingersans";"Sryga";"22";"Нет";"13";"Полная";"";"0";"https://www.myfonts.com/collections/gingersans-font-sryga"
"Girthy Display";"Silverdav";"18";"Нет";"1";"Частичная (−2)";"ҩҨ";"2";"https://www.myfonts.com/collections/girthy-display-font-silverdav"
"Good Rome";"Authentype";"18";"Нет";"9";"Полная";"";"0";"https://www.myfonts.com/collections/good-rome-font-authentype"
"Gothema";"Authentype";"19";"Нет";"9";"Полная";"";"0";"https://www.myfonts.com/collections/gothema-font-authentype"
"Grandview";"Microsoft Corporation";"49";"Нет";"6";"Полная";"";"0";"https://www.myfonts.com/collections/grandview-font-microsoft-corporation"
"Greenleaf";"Oddsorts";"0";"Да";"20";"Частичная (−2)";"Ԥԥ";"2";"https://www.myfonts.com/collections/greenleaf-font-oddsorts"
"HD Anomie";"HyperDeluxe";"40";"Нет";"18";"Полная";"";"0";"https://www.myfonts.com/collections/hd-anomie-font-hyperdeluxe"
"HD Colton";"HyperDeluxe";"35";"Нет";"91";"Полная";"";"0";"https://www.myfonts.com/collections/hd-colton-font-hyperdeluxe"
"Headpen";"AlperCakici";"29";"Нет";"20";"Полная";"";"0";"https://www.myfonts.com/collections/headpen-font-alpercakici"
"Helsa Display";"ParaType";"39";"Нет";"1";"Полная";"";"0";"https://www.myfonts.com/collections/helsa-display-font-paratype"
"Hetik";"Pmfonts";"30";"Нет";"6";"Полная";"";"0";"https://www.myfonts.com/collections/hetik-font-pmfonts"
"HG Mincho";"RICOH";"199";"Нет";"7";"Частичная (−4)";"ԤԥӶӷ";"4";"https://www.myfonts.com/collections/hg-mincho-font-ricoh"
"INDG Windom";"Iñigo Uriarte";"10";"Нет";"1";"Частичная (−2)";"ҵҴ";"2";"https://www.myfonts.com/collections/indg-windom-font-inigo-uriarte"
"Jadeite";"TEKNIKE";"129";"Нет";"10";"Полная";"";"0";"https://www.myfonts.com/collections/jadeite-font-teknike"
"Jano Round";"Craceltype";"50";"Нет";"18";"Полная";"";"0";"https://www.myfonts.com/collections/jano-round-font-craceltype"
"Jano Sans Pro";"Craceltype";"50";"Нет";"18";"Полная";"";"0";"https://www.myfonts.com/collections/jano-sans-pro-font-craceltype"
"Jemgonza";"Pootis Type Corp.";"24.99";"Нет";"4";"Частичная (−4)";"ӶԤӷԥ";"4";"https://www.myfonts.com/collections/jemgonza-font-pootis-type-corp"
"Jetpack";"AlperCakici";"29";"Нет";"8";"Полная";"";"0";"https://www.myfonts.com/collections/jetpack-font-alpercakici"
"JM Handwritten";"Jiří Macík";"14.95";"Нет";"4";"Полная";"";"0";"https://www.myfonts.com/collections/jm-handwritten-font-jiri-macik"
"Joogert";"Oleg Gert";"25";"Нет";"1";"Частичная (−2)";"Ԥԥ";"2";"https://www.myfonts.com/collections/joogert-font-oleg-gert"
"Juvenilia";"AlperCakici";"29";"Нет";"8";"Частичная (−2)";"ҩҨ";"2";"https://www.myfonts.com/collections/juvenilia-font-alpercakici"
"Kadigan";"Missy Meyer";"12";"Нет";"3";"Частичная (−2)";"Ҟҟ";"2";"https://www.myfonts.com/collections/kadigan-font-missy-meyer"
"Karsten";"Nasir Udin";"0";"Да";"24";"Частичная (−2)";"Ԥԥ";"2";"https://www.myfonts.com/collections/karsten-font-nasir-udin"
"Kawa Sans";"Factory738";"20";"Нет";"20";"Полная";"";"0";"https://www.myfonts.com/collections/kawa-sans-font-factory738"
"Kelier";"Michael Rafailyk";"12";"Нет";"3";"Полная";"";"0";"https://www.myfonts.com/collections/kelier-font-michael-rafailyk"
"Kingfall";"Michael Rafailyk";"15";"Нет";"6";"Полная";"";"0";"https://www.myfonts.com/collections/kingfall-font-michael-rafailyk"
"Klapt Cyrillic";"SevenType";"29.99";"Нет";"4";"Частичная (−2)";"Ҩҩ";"2";"https://www.myfonts.com/collections/klapt-cyrillic-font-seventype"
"Kyber Ricon";"TypeClassHeroes";"9";"Нет";"36";"Полная";"";"0";"https://www.myfonts.com/collections/kyber-ricon-font-typeclassheroes"
"Laqonic 4F";"4th february";"24";"Нет";"0";"Частичная (−4)";"ԤԥӶӷ";"4";"https://www.myfonts.com/collections/laqonic-4f-font-4th-february"
"Leapfrog";"Shapovalov Fonts";"24";"Нет";"1";"Полная";"";"0";"https://www.myfonts.com/collections/leapfrog-font-shapovalov-fonts"
"LeOsler";"Antipixel";"10";"Нет";"16";"Частичная (−2)";"ԥԤ";"2";"https://www.myfonts.com/collections/le-osler-font-antipixel"
"Liak";"TypeClassHeroes";"29";"Нет";"18";"Полная";"";"0";"https://www.myfonts.com/collections/liak-font-typeclassheroes"
"Linotype Bariton Paneuropean";"Linotype";"92.99";"Нет";"1";"Частичная (−2)";"Ԥԥ";"2";"https://www.myfonts.com/collections/bariton-paneuropean-font-linotype"
"Loew Next";"The Northern Block";"74.95";"Нет";"16";"Полная";"";"0";"https://www.myfonts.com/collections/loew-next-font-the-northern-block"
"LogPose";"Factory738";"25";"Нет";"18";"Полная";"";"0";"https://www.myfonts.com/collections/logpose-font-factory738"
"Mael";"Factory738";"49";"Нет";"2";"Полная";"";"0";"https://www.myfonts.com/collections/mael-font-factory738"
"Makeads";"Sryga";"22";"Нет";"46";"Полная";"";"0";"https://www.myfonts.com/collections/makeads-font-sryga"
"Makking";"Sryga";"22";"Нет";"11";"Полная";"";"0";"https://www.myfonts.com/collections/makking-font-sryga"
"Marce";"AlperCakici";"29";"Нет";"20";"Полная";"";"0";"https://www.myfonts.com/collections/marce-font-alpercakici"
"Marco Cyrillic";"TypeTogether";"63";"Нет";"5";"Полная";"";"0";"https://www.myfonts.com/collections/marco-cyrillic-font-type-together"
"Mato Sans";"Picador";"29";"Нет";"18";"Полная";"";"0";"https://www.myfonts.com/collections/mato-sans-font-maciej-wloczewski"
"Matryo";"Typogama";"29";"Нет";"15";"Полная";"";"0";"https://www.myfonts.com/collections/matryo-font-typogama"
"Maxine Sans";"ActiveSphere";"30";"Нет";"8";"Частичная (−4)";"ԤԥӶӷ";"4";"https://www.myfonts.com/collections/maxine-sans-font-activesphere"
"Mecatoque";"ActiveSphere";"30";"Нет";"2";"Частичная (−4)";"ԤӶӷԥ";"4";"https://www.myfonts.com/collections/mecatoque-font-activesphere"
"Meeneralca 4F";"4th february";"25";"Нет";"1";"Частичная (−4)";"ӶӷԥԤ";"4";"https://www.myfonts.com/collections/meeneralca-4f-font-4th-february"
"Meiryo";"Microsoft Corporation";"129";"Нет";"4";"Частичная (−4)";"ԤӶӷԥ";"4";"https://www.myfonts.com/collections/meiryo-font-microsoft-corporation"
"Meiryo UI";"Microsoft Corporation";"129";"Нет";"4";"Частичная (−4)";"ӶӷԤԥ";"4";"https://www.myfonts.com/collections/meiryo-ui-font-microsoft-corporation"
"Memesique";"Egor Stremousov";"50";"Нет";"1";"Полная";"";"0";"https://www.myfonts.com/collections/memesique-font-egor-stremousov"
"Mesca";"S6 Foundry";"39";"Нет";"17";"Частичная (−3)";"ӡҩҨ";"3";"https://www.myfonts.com/collections/mesca-font-s6-foundry"
"MI_Museo Sans";"exljbris";"16.5";"Нет";"3";"Полная";"";"0";"https://www.myfonts.com/collections/mi-museo-sans-font-exljbris"
"Microsoft Sans Serif";"Microsoft Corporation";"39";"Нет";"1";"Полная";"";"0";"https://www.myfonts.com/collections/microsoft-sans-serif-font-microsoft-corporation"
"Minion 3";"Adobe";"35";"Нет";"32";"Полная";"";"0";"https://www.myfonts.com/collections/minion-3-font-adobe"
"Minor";"Glen Jan";"25";"Нет";"12";"Полная";"";"0";"https://www.myfonts.com/collections/minor-font-glen-jan"
"MIR Next";"Juliasys";"9";"Нет";"20";"Частичная (−2)";"Ӷӷ";"2";"https://www.myfonts.com/collections/mir-next-font-juliasys"
"MIT Iculvist Monos";"Maculinc";"19";"Нет";"43";"Полная";"";"0";"https://www.myfonts.com/collections/mit-iculvist-monos-font-maculinc"
"MIT Quailav";"Maculinc";"19";"Нет";"21";"Полная";"";"0";"https://www.myfonts.com/collections/mit-quailav-font-maculinc"
"Mogivenst";"Meyerfonts";"19.99";"Нет";"4";"Полная";"";"0";"https://www.myfonts.com/collections/mogivenst-font-meyerfonts"
"Monateb";"AlperCakici";"29";"Нет";"44";"Полная";"";"0";"https://www.myfonts.com/collections/monateb-font-alpercakici"
"Mooncake";"RA Studio";"10";"Нет";"1";"Частичная (−2)";"ԥԤ";"2";"https://www.myfonts.com/collections/mooncake-font-ra"
"Morta";"Michael Rafailyk";"15";"Нет";"2";"Полная";"";"0";"https://www.myfonts.com/collections/morta-font-michael-rafailyk"
"Motor 4F";"4th february";"30";"Нет";"0";"Частичная (−4)";"ӷԥӶԤ";"4";"https://www.myfonts.com/collections/motor-4f-font-4th-february"
"Moucha";"Vibrant Types";"41";"Нет";"50";"Полная";"";"0";"https://www.myfonts.com/collections/moucha-font-calligrafiction"
"Moucha Modern";"Vibrant Types";"41";"Нет";"16";"Полная";"";"0";"https://www.myfonts.com/collections/moucha-modern-font-calligrafiction"
"Moucha Vintage";"Vibrant Types";"41";"Нет";"16";"Полная";"";"0";"https://www.myfonts.com/collections/moucha-vintage-font-calligrafiction"
"Moucha X";"Vibrant Types";"41";"Нет";"16";"Полная";"";"0";"https://www.myfonts.com/collections/moucha-x-font-calligrafiction"
"Moveo Sans";"Green Type";"46";"Нет";"80";"Частичная (−2)";"Ԥԥ";"2";"https://www.myfonts.com/collections/moveo-sans-font-green-type"
"MrMarker";"ParaType";"36";"Нет";"1";"Частичная (−2)";"Ԥԥ";"2";"https://www.myfonts.com/collections/mrmarker-font-paratype"
"MS Gothic";"Microsoft Corporation";"39";"Нет";"2";"Частичная (−4)";"ԤӷӶԥ";"4";"https://www.myfonts.com/collections/ms-gothic-font-microsoft-corporation"
"MS Gothic UI";"Microsoft Corporation";"39";"Нет";"1";"Частичная (−4)";"ӶӷԤԥ";"4";"https://www.myfonts.com/collections/ms-gothic-ui-font-microsoft-corporation"
"MS Mincho";"Microsoft";"39";"Нет";"2";"Частичная (−4)";"ԤӷӶԥ";"4";"https://www.myfonts.com/collections/ms-mincho-font-microsoft"
"MS-Mincho";"Microsoft Corporation";"39";"Нет";"1";"Частичная (−4)";"ԤӷӶԥ";"4";"https://www.myfonts.com/collections/ms-mincho-font-microsoft-corporation"
"MS-PMincho";"Microsoft Corporation";"39";"Нет";"1";"Частичная (−4)";"ӶԤԥӷ";"4";"https://www.myfonts.com/collections/ms-pmincho-font-microsoft-corporation"
"Museo Cyrillic";"exljbris";"0";"Да";"10";"Полная";"";"0";"https://www.myfonts.com/collections/museo-cyrillic-font-exljbris"
"Museo Sans Cyrillic";"exljbris";"0";"Да";"10";"Полная";"";"0";"https://www.myfonts.com/collections/museo-sans-cyrillic-font-exljbris"
"Nawin Cyr";"Letterjuice";"72";"Нет";"5";"Полная";"";"0";"https://www.myfonts.com/collections/nawin-cyr-font-letterjuice"
"Nawin Cyr Ltn";"Letterjuice";"93";"Нет";"5";"Полная";"";"0";"https://www.myfonts.com/collections/nawin-cyr-ltn-font-letterjuice"
"Nawin Paneuropean";"Letterjuice";"139";"Нет";"5";"Полная";"";"0";"https://www.myfonts.com/collections/nawin-paneuropean-font-letterjuice"
"ND Bimbo";"NeueDeutsche";"9";"Нет";"9";"Полная";"";"0";"https://www.myfonts.com/collections/nd-bimbo-font-neuedeutsche"
"Nebulas";"Supremat";"14";"Нет";"6";"Полная";"";"0";"https://www.myfonts.com/collections/nebulas-font-supremat"
"Neo Paralletter";"Tural Alisoy";"34";"Нет";"1";"Частичная (−2)";"Ҩҩ";"2";"https://www.myfonts.com/collections/neo-paralletter-font-tural-alisoy"
"Neopol Print";"Pedroglifos";"18";"Нет";"12";"Полная";"";"0";"https://www.myfonts.com/collections/neopol-print-font-pedroglifos"
"Neopol Sans";"Pedroglifos";"18";"Нет";"12";"Полная";"";"0";"https://www.myfonts.com/collections/neopol-sans-font-pedroglifos"
"Neopol Script";"Pedroglifos";"18";"Нет";"6";"Полная";"";"0";"https://www.myfonts.com/collections/neopol-script-font-pedroglifos"
"Neopol Stencil";"Pedroglifos";"18";"Нет";"12";"Полная";"";"0";"https://www.myfonts.com/collections/neopol-stencil-font-pedroglifos"
"Neoverse Sans";"Sentavio";"12";"Нет";"31";"Полная";"";"0";"https://www.myfonts.com/collections/neoverse-sans-font-tadiar"
"Nero";"Skinny Type";"19";"Нет";"2";"Частичная (−2)";"ԥԤ";"2";"https://www.myfonts.com/collections/nero-font-skinny-type"
"Neubaufra";"Inhouse Type";"46";"Нет";"16";"Полная";"";"0";"https://www.myfonts.com/collections/neubaufra-font-inhouse-type"
"Neue Frutiger World";"Monotype";"155.99";"Нет";"20";"Частичная (−2)";"Ԥԥ";"2";"https://www.myfonts.com/collections/neue-frutiger-world-font-monotype-imaging"
"Neue Helvetica World";"Linotype";"149";"Нет";"6";"Частичная (−2)";"ԥԤ";"2";"https://www.myfonts.com/collections/neue-helvetica-world-font-linotype"
"Neue Theorem";"DMA.Black";"21.99";"Нет";"1";"Полная";"";"0";"https://www.myfonts.com/collections/neue-theorem-font-dmablack"
"Neusa Neu";"Inhouse Type";"41.47";"Нет";"72";"Полная";"";"0";"https://www.myfonts.com/collections/neusa-neu-font-inhouse-type"
"New Yorker Type Classic";"Wiescher Design";"45";"Нет";"7";"Полная";"";"0";"https://www.myfonts.com/collections/new-yorker-type-classic-font-wiescher-design"
"New Yorker Type Pro";"Wiescher Design";"45";"Нет";"7";"Полная";"";"0";"https://www.myfonts.com/collections/new-yorker-type-pro-font-wiescher-design"
"Newton";"ParaType";"36";"Нет";"5";"Полная";"";"0";"https://www.myfonts.com/collections/newton-font-paratype"
"Nexa Pro";"Fontfabric";"45";"Нет";"40";"Частичная (−4)";"ӶԤԥӷ";"4";"https://www.myfonts.com/collections/nexa-pro-font-fontfabric"
"Niacin";"Sryga";"22";"Нет";"11";"Частичная (−2)";"ҩҨ";"2";"https://www.myfonts.com/collections/niacin-font-sryga"
"Nimbus Sans Global";"URW Type Foundry";"1949.99";"Нет";"6";"Частичная (−4)";"ԥӶӷԤ";"4";"https://www.myfonts.com/collections/nimbus-sans-global-font-urw"
"Nimbus Sans Japanese";"URW Type Foundry";"99.99";"Нет";"4";"Частичная (−4)";"ӶԥӷԤ";"4";"https://www.myfonts.com/collections/nimbus-sans-japanese-font-urw"
"Noeler";"Michael Rafailyk";"12";"Нет";"5";"Полная";"";"0";"https://www.myfonts.com/collections/noeler-font-michael-rafailyk"
"Nolagert";"Oleg Gert";"30";"Нет";"1";"Полная";"";"0";"https://www.myfonts.com/collections/nolagert-font-oleg-gert"
"Novel Sans Cyrillic";"Atlas Fonts";"89";"Нет";"70";"Полная";"";"0";"https://www.myfonts.com/collections/novel-sans-cyrillic-font-atlasfontfoundry"
"Novel Sans Cyrillic XXCondensed";"Atlas Fonts";"59.99";"Нет";"0";"Полная";"";"0";"https://www.myfonts.com/collections/novel-sans-cyrillic-xxcondensed-font-atlasfontfoundry"
"Novel Sans Cyrillic XXXCondensed";"Atlas Fonts";"59.99";"Нет";"0";"Полная";"";"0";"https://www.myfonts.com/collections/novel-sans-cyrillic-xxxcondensed-font-atlasfontfoundry"
"Novel Sans Rounded Cyrillic";"Atlas Fonts";"89";"Нет";"70";"Полная";"";"0";"https://www.myfonts.com/collections/novel-sans-rounded-cyrillic-font-atlasfontfoundry"
"Nsai Pro";"AukimVisuel";"42";"Нет";"289";"Полная";"";"0";"https://www.myfonts.com/collections/nsai-pro-font-aukimvisuel"
"Nsai Pro Rounded";"AukimVisuel";"42";"Нет";"288";"Полная";"";"0";"https://www.myfonts.com/collections/nsai-pro-rounded-font-aukimvisuel"
"Nuvica";"Din Studio";"34";"Нет";"9";"Полная";"";"0";"https://www.myfonts.com/collections/nuvica-font-din-studio"
"Oktah Neue";"Groteskly Yours";"40";"Нет";"23";"Полная";"";"0";"https://www.myfonts.com/collections/okta-neue-font-groteskly-yours"
"Oktah Round";"Groteskly Yours";"40";"Нет";"17";"Полная";"";"0";"https://www.myfonts.com/collections/oktah-round-font-groteskly-yours"
"Omorphia";"LetterMuzara";"20";"Нет";"2";"Полная";"";"0";"https://www.myfonts.com/collections/omorphia-font-letter-muzara"
"Ongunkan Rune All Letters";"Runic World Tamgacı";"300";"Нет";"1";"Частичная (−4)";"ӶӷԤԥ";"4";"https://www.myfonts.com/collections/ongunkan-rune-all-letters-font-runic-world-tamgac"
"Open Sans Soft";"Matteson Typographics";"19.99";"Нет";"20";"Частичная (−2)";"Ԥԥ";"2";"https://www.myfonts.com/collections/open-sans-soft-font-matteson-typographics"
"Open Serif";"Matteson Typographics";"19.99";"Нет";"14";"Частичная (−2)";"ԥԤ";"2";"https://www.myfonts.com/collections/open-serif-font-matteson-typographics"
"Orange Mochi";"RA Studio";"14";"Нет";"1";"Частичная (−2)";"Ԥԥ";"2";"https://www.myfonts.com/collections/orange-mochi-font-ra"
"Overbold";"Catharsis Fonts";"32";"Нет";"2";"Полная";"";"0";"https://www.myfonts.com/collections/overbold-font-catharsis-fonts"
"Ozelot";"Pedroglifos";"18";"Нет";"2";"Полная";"";"0";"https://www.myfonts.com/collections/ozelot-font-pedroglifos"
"Painite";"Jehoo Creative";"24";"Нет";"19";"Полная";"";"0";"https://www.myfonts.com/collections/painite-font-jehoo-creative"
"paintbrushdd";"Matthias Luh";"49";"Нет";"4";"Частичная (−2)";"ԥԤ";"2";"https://www.myfonts.com/collections/paintbrushdd-font-matthias-luh"
"Pangi";"AukimVisuel";"44";"Нет";"261";"Полная";"";"0";"https://www.myfonts.com/collections/pangi-font-aukimvisuel"
"Parcel";"The Type Fetish";"25";"Нет";"1";"Частичная (−2)";"Ԥԥ";"2";"https://www.myfonts.com/collections/parcel-font-the-type-fetish"
"Paygon";"TypeClassHeroes";"19";"Нет";"9";"Полная";"";"0";"https://www.myfonts.com/collections/paygon-font-typeclassheroes"
"Pickled Limes";"Missy Meyer";"15";"Нет";"1";"Частичная (−2)";"Ԥԥ";"2";"https://www.myfonts.com/collections/pickled-limes-font-missy-meyer"
"Pivnaya-Cyrillic Greek";"Roman Type";"35";"Нет";"1";"Полная";"";"0";"https://www.myfonts.com/collections/pivnaya-cyrillic-greek-font-roman-type"
"Pixapp Inter";"Okaycat";"29.5";"Нет";"1";"Частичная (−2)";"Ԥԥ";"2";"https://www.myfonts.com/collections/pixapp-inter-font-okaycat"
"Pixerius Random";"Shapovalov Fonts";"9";"Нет";"3";"Полная";"";"0";"https://www.myfonts.com/collections/pixerius-random-font-shapovalov-fonts"
"Pluton";"Proportional Lime";"4.99";"Нет";"4";"Полная";"";"0";"https://www.myfonts.com/collections/pluton-font-proportional-lime"
"Poppis";"Authentype";"16";"Нет";"9";"Полная";"";"0";"https://www.myfonts.com/collections/poppis-font-authentype"
"Postulat Pro";"ParaType";"40";"Нет";"16";"Частичная (−2)";"Ԥԥ";"2";"https://www.myfonts.com/collections/postulat-pro-font-paratype"
"Power Talks";"Essqué Productions";"35";"Нет";"1";"Полная";"";"0";"https://www.myfonts.com/collections/power-talks-font-essque-productions"
"Pragmatica";"ParaType";"39";"Нет";"44";"Полная";"";"0";"https://www.myfonts.com/collections/pragmatica-font-paratype"
"Project Sans";"TypeUnion";"40";"Нет";"20";"Частичная (−4)";"ҚЏқџ";"4";"https://www.myfonts.com/collections/project-sans-font-typeunion"
"Project Soft";"TypeUnion";"40";"Нет";"20";"Частичная (−4)";"ҚЏқџ";"4";"https://www.myfonts.com/collections/project-soft-font-typeunion"
"Proxima Nova";"Mark Simonson Studio";"29";"Нет";"144";"Полная";"";"0";"https://www.myfonts.com/collections/proxima-nova-font-mark-simonson"
"Proxima Vara";"Mark Simonson Studio";"99";"Нет";"1";"Полная";"";"0";"https://www.myfonts.com/collections/proxima-vara-font-mark-simonson"
"Prussak BC";"Jujumisur's Ficus";"19";"Нет";"1";"Частичная (−2)";"ԥԤ";"2";"https://www.myfonts.com/collections/prussak-bc-font-jujumisurs-ficus"
"PT Sans Pro";"ParaType";"45";"Нет";"32";"Полная";"";"0";"https://www.myfonts.com/collections/pt-sans-pro-font-paratype"
"PT Serif Pro";"ParaType";"45";"Нет";"38";"Полная";"";"0";"https://www.myfonts.com/collections/pt-serif-pro-font-paratype"
"Pygmalion";"The Ampersand Forest";"25";"Нет";"8";"Полная";"";"0";"https://www.myfonts.com/collections/pygmalion-font-the-ampersand-forest"
"Qargotesk 4F";"4th february";"25";"Нет";"1";"Частичная (−4)";"ԤӷӶԥ";"4";"https://www.myfonts.com/collections/qargotesk-4f-font-4th-february"
"Qisharon";"LetterMuzara";"20";"Нет";"4";"Полная";"";"0";"https://www.myfonts.com/collections/qisharon-font-letter-muzara"
"Quickflio";"Brenners Template";"19";"Нет";"19";"Полная";"";"0";"https://www.myfonts.com/collections/quickflio-font-brenners-template"
"Raviona";"AlperCakici";"29";"Нет";"44";"Частичная (−4)";"ҽҾҼҿ";"4";"https://www.myfonts.com/collections/raviona-font-alpercakici"
"Ray Cyrillic";"Indian Type Foundry";"50";"Нет";"5";"Полная";"";"0";"https://www.myfonts.com/collections/ray-cyrillic-font-indian-type-foundry"
"Rezak Cyrillic";"TypeTogether";"49";"Нет";"10";"Полная";"";"0";"https://www.myfonts.com/collections/rezak-cyrillic-font-type-together"
"Ribuah Sans";"LetterMuzara";"20";"Нет";"3";"Полная";"";"0";"https://www.myfonts.com/collections/ribuah-sans-font-letter-muzara"
"Rodeqa Slab 4F";"4th february";"25";"Нет";"0";"Частичная (−4)";"ӷԤԥӶ";"4";"https://www.myfonts.com/collections/rodeqa-slab-4f-font-4th-february"
"Romanova";"AlperCakici";"29";"Нет";"22";"Полная";"";"0";"https://www.myfonts.com/collections/romanova-font-alpercakici"
"Rosevine";"Hakara Type";"32";"Нет";"2";"Полная";"";"0";"https://www.myfonts.com/collections/rosevine-font-hakara-type"
"Roundion";"AlperCakici";"22";"Нет";"18";"Частичная (−2)";"Ҩҩ";"2";"https://www.myfonts.com/collections/roundion-font-alpercakici"
"Row Vaticano";"Authentype";"14";"Нет";"9";"Полная";"";"0";"https://www.myfonts.com/collections/row-vatikano-font-authentype"
"Sagan";"Associated Typographics";"29";"Нет";"13";"Частичная (−2)";"Ӷӷ";"2";"https://www.myfonts.com/collections/sagan-font-associated-typographics"
"Sayonachi";"ActiveSphere";"30";"Нет";"2";"Частичная (−4)";"ԥӶӷԤ";"4";"https://www.myfonts.com/collections/sayonachi-font-activesphere"
"Scendero";"AlperCakici";"29";"Нет";"118";"Полная";"";"0";"https://www.myfonts.com/collections/scendero-font-alpercakici"
"Scheme";"Typodermic";"69.95";"Нет";"8";"Полная";"";"0";"https://www.myfonts.com/collections/scheme-font-typodermic"
"Segoe UI";"Microsoft Corporation";"39";"Нет";"7";"Полная";"";"0";"https://www.myfonts.com/collections/segoe-ui-font-microsoft-corporation"
"Sharpix";"AlperCakici";"29";"Нет";"6";"Частичная (−2)";"Ҩҩ";"2";"https://www.myfonts.com/collections/sharpix-font-alpercakici"
"Sicret";"Mans Greback";"29";"Нет";"9";"Частичная (−2)";"Ԥԥ";"2";"https://www.myfonts.com/collections/sicret-font-mans-greback"
"Sicret Mono";"Mans Greback";"29";"Нет";"9";"Частичная (−2)";"Ԥԥ";"2";"https://www.myfonts.com/collections/sicret-mono-font-mans-greback"
"Sigma Boy";"Authentype";"31";"Нет";"1";"Полная";"";"0";"https://www.myfonts.com/collections/sigma-boy-font-authentype"
"Small Baguette";"RA Studio";"12";"Нет";"1";"Частичная (−2)";"ԥԤ";"2";"https://www.myfonts.com/collections/small-baguette-font-ra"
"Soncara";"Authentype";"19";"Нет";"9";"Полная";"";"0";"https://www.myfonts.com/collections/soncara-font-authentype"
"sonovovitch";"10four";"24.95";"Нет";"1";"Частичная (−1)";"ҿ";"1";"https://www.myfonts.com/collections/sonovovitch-font-10fourdesigngroup"
"Spacho";"AlperCakici";"29";"Нет";"44";"Полная";"";"0";"https://www.myfonts.com/collections/spacho-font-alpercakici"
"Spilled Ink";"Michael Rafailyk";"12";"Нет";"5";"Полная";"";"0";"https://www.myfonts.com/collections/spilled-ink-font-michael-rafailyk"
"Stamm";"Tychographica";"79";"Нет";"1";"Полная";"";"0";"https://www.myfonts.com/collections/stamm-font-tychographica"
"Stenciliqo 4F";"4th february";"25";"Нет";"0";"Частичная (−4)";"ӶӷԤԥ";"4";"https://www.myfonts.com/collections/stenciliqo-4f-font-4th-february"
"Stendo";"Stypeface";"50";"Нет";"0";"Полная";"";"0";"https://www.myfonts.com/collections/stendo-font-stypeface"
"Stola";"Jujumisur's Ficus";"15";"Нет";"1";"Частичная (−2)";"Ԥԥ";"2";"https://www.myfonts.com/collections/stola-font-jujumisurs-ficus"
"Tahoma";"Microsoft Corporation";"49";"Нет";"4";"Полная";"";"0";"https://www.myfonts.com/collections/tahoma-font-microsoft-corporation"
"Taiama";"Tanya Savchenko";"13";"Нет";"1";"Частичная (−4)";"ӶԤԥӷ";"4";"https://www.myfonts.com/collections/taiama-font-tanya-savchenko"
"Tatype Neue";"Tural Alisoy";"65";"Нет";"24";"Полная";"";"0";"https://www.myfonts.com/collections/tatype-neue-font-tural-alisoy"
"Tatype Neue VF";"Tural Alisoy";"800";"Нет";"2";"Полная";"";"0";"https://www.myfonts.com/collections/tatype-neue-vf-font-tural-alisoy"
"TE Tharwat Emara2";"Tharwat Emara";"75";"Нет";"1";"Полная";"";"0";"https://www.myfonts.com/collections/te-tharwat-emara2-font-tharwat-emara"
"Textbook New";"ParaType";"36";"Нет";"8";"Полная";"";"0";"https://www.myfonts.com/collections/textbook-new-font-paratype"
"Thanks Lab";"Authentype";"17";"Нет";"9";"Полная";"";"0";"https://www.myfonts.com/collections/thanks-lab-font-authentype"
"Tiap Liap 4F";"4th february";"25";"Нет";"2";"Частичная (−4)";"ӶԤӷԥ";"4";"https://www.myfonts.com/collections/tiap-liap-4f-font-4th-february"
"Times New Roman Windows compatible";"Monotype";"50.99";"Нет";"4";"Полная";"";"0";"https://www.myfonts.com/collections/times-new-roman-os-font-monotype-imaging"
"TOMO Acuario";"TOMO Fonts";"2000";"Нет";"1";"Частичная (−4)";"ҚқЏџ";"4";"https://www.myfonts.com/collections/tomo-acuario-font-tomo-fonts"
"TOMO Bossa";"TOMO Fonts";"2000";"Нет";"2";"Полная";"";"0";"https://www.myfonts.com/collections/tomo-bossa-font-tomo-fonts"
"TOMO Zomba Pro";"TOMO Fonts";"2000";"Нет";"1";"Частичная (−4)";"ҚқџЏ";"4";"https://www.myfonts.com/collections/zomba-pro-font-tomo-fonts"
"Triplepass";"Shapovalov Fonts";"10";"Нет";"3";"Полная";"";"0";"https://www.myfonts.com/collections/triplepass-font-shapovalov-fonts"
"TSL Sans";"TanveerType";"15";"Нет";"1";"Частичная (−2)";"Ԥԥ";"2";"https://www.myfonts.com/collections/tsl-sans-font-tanveer-type"
"TT Commons Classic";"TypeType";"47.99";"Нет";"21";"Частичная (−2)";"ԥԤ";"2";"https://www.myfonts.com/collections/tt-commons-classic-font-typetype"
"TT Commons™ Pro";"TypeType";"47.99";"Нет";"104";"Полная";"";"0";"https://www.myfonts.com/collections/tt-commons-font-typetype"
"TT Hoves Pro";"TypeType";"47.99";"Нет";"96";"Частичная (−2)";"ԥԤ";"2";"https://www.myfonts.com/collections/tt-hoves-font-typetype"
"TT Norms Pro";"TypeType";"47.99";"Нет";"104";"Полная";"";"0";"https://www.myfonts.com/collections/tt-norms-font-typetype"
"Twelkmeyer";"Popkern";"18";"Нет";"1";"Частичная (−4)";"ӶԤӷԥ";"4";"https://www.myfonts.com/collections/twelkmeyer-font-popkern"
"Unione";"TOMO Fonts";"2000";"Нет";"24";"Полная";"";"0";"https://www.myfonts.com/collections/unione-font-tomo-fonts"
"Unione GX";"TOMO Fonts";"2000";"Нет";"1";"Полная";"";"0";"https://www.myfonts.com/collections/unione-gx-font-tomo-fonts"
"Uranus";"Supremat";"12";"Нет";"1";"Полная";"";"0";"https://www.myfonts.com/collections/uranus-font-supremat"
"Vartek";"Inhouse Type";"44.55";"Нет";"20";"Полная";"";"0";"https://www.myfonts.com/collections/vartek-font-inhouse-type"
"VP Pixel Pro";"VP Type";"0";"Да";"5";"Полная";"";"0";"https://www.myfonts.com/collections/vp-pixel-pro-font-val-kalinic"
"Waldemar 4F";"4th february";"30";"Нет";"0";"Частичная (−2)";"Ԥԥ";"2";"https://www.myfonts.com/collections/waldemar-4f-font-4th-february"
"Weimar";"Supremat";"17.99";"Нет";"7";"Полная";"";"0";"https://www.myfonts.com/collections/weimar-font-supremat"
"Wintler";"Michael Rafailyk";"15";"Нет";"32";"Полная";"";"0";"https://www.myfonts.com/collections/wintler-font-michael-rafailyk"
"Wintler Variable";"Michael Rafailyk";"75";"Нет";"1";"Полная";"";"0";"https://www.myfonts.com/collections/wintler-variable-font-michael-rafailyk"
"Wrongo 4F";"4th february";"0";"Да";"0";"Частичная (−4)";"ӷԥԤӶ";"4";"https://www.myfonts.com/collections/wrongo-4f-font-4th-february"
"Zaftig Pro";"Typeco";"49";"Нет";"1";"Частичная (−2)";"Ԥԥ";"2";"https://www.myfonts.com/collections/zaftig-pro-font-typeco"
"Zomsenso";"Pootis Type Corp.";"31.99";"Нет";"4";"Частичная (−4)";"ӷԥӶԤ";"4";"https://www.myfonts.com/collections/zomsenso-font-pootis-type-corp"
"ZT Moven";"Zelow Type";"14";"Нет";"24";"Частичная (−2)";"ԥԤ";"2";"https://www.myfonts.com/collections/zt-moven-font-zelow-type"
